BEGIN ;
CREATE TABLE `user` (`id` integer,`created_at` datetime,`updated_at` datetime,`deleted_at` datetime,`username` varchar(20) NOT NULL,`password` varchar(100) NOT NULL,`role` integer NOT NULL,`birthday` varchar(20),`email` varchar(20),`qq` varchar(20),`self_introduction` text, `self_intro` text, `selfintro` text,PRIMARY KEY (`id`));
INSERT INTO user VALUES(1,'2021-10-05 20:02:30.649815+08:00','2021-10-05 20:02:30.649815+08:00',NULL,'秦声鸿','$2a$10$cH6UEPpPGDT.Q1O3m6uPlOW8uD1EKGUBJeXlW3I6q1iacKYF5mqPK',2,'','','',NULL,NULL,'');
INSERT INTO user VALUES(2,'2021-10-05 20:09:24.092833+08:00','2021-10-05 20:09:24.092833+08:00',NULL,'Brian Kernighan','$2a$10$rCcpdoT6jCISJ4xX3G4DXeT64MJadHEbluy1ITQ84aXLp8lUikara',1,'','','',NULL,NULL,'');
INSERT INTO user VALUES(3,'2021-10-07 16:10:24.571497+08:00','2021-10-07 16:10:24.571497+08:00',NULL,'dennis ritchie','$2a$10$TQ3DxAvikAPiW6eFYAq/o.WffkBx.v/d3i0JYehKS.B8VgUFvTG4a',1,'','','',NULL,NULL,'');
INSERT INTO user VALUES(4,'2021-10-12 10:59:48.204348+08:00','2021-10-12 10:59:48.204348+08:00',NULL,'kyon','$2a$10$ki1nH9jA0NSeQ5ZVZXfhv.YuJ6SzhjXly9XuiDD8TCUN4zYxSMnrG',1,'','','',NULL,NULL,'');
CREATE TABLE `category` (`id` integer,`created_at` datetime,`updated_at` datetime,`deleted_at` datetime,`name` varchar(20) NOT NULL,PRIMARY KEY (`id`));
INSERT INTO category VALUES(1,NULL,NULL,NULL,'golang');
INSERT INTO category VALUES(2,NULL,NULL,NULL,'c++');
INSERT INTO category VALUES(3,NULL,NULL,NULL,'c');
INSERT INTO category VALUES(4,NULL,NULL,NULL,'java');
INSERT INTO category VALUES(5,NULL,NULL,NULL,'python');
INSERT INTO category VALUES(6,NULL,NULL,NULL,'.net');
INSERT INTO category VALUES(7,NULL,NULL,NULL,'php');
INSERT INTO category VALUES(8,NULL,NULL,NULL,'go');
CREATE TABLE `tag` (`id` integer,`created_at` datetime,`updated_at` datetime,`deleted_at` datetime,`name` varchar(20) NOT NULL,PRIMARY KEY (`id`));
INSERT INTO tag VALUES(1,'2021-10-06 16:15:41.621542+08:00','2021-10-06 16:15:41.621542+08:00',NULL,'csharp');
INSERT INTO tag VALUES(2,'2021-10-07 11:52:14.495281+08:00','2021-10-07 11:52:14.495281+08:00',NULL,'web');
INSERT INTO tag VALUES(3,'2021-10-07 16:14:03.232969+08:00','2021-10-07 16:14:03.232969+08:00','2021-10-07 16:17:06.853613+08:00','c');
CREATE TABLE `comment` (`id` integer,`created_at` datetime,`updated_at` datetime,`deleted_at` datetime,`user_name` varchar(20),`parent_id` integer,`contents` text,`article_id` integer,PRIMARY KEY (`id`));
INSERT INTO comment VALUES(1,'2021-10-06 11:27:45.005569+08:00','2021-10-06 11:27:45.005569+08:00','2021-10-06 11:28:03.049699+08:00','秦声鸿',0,'我被kernigan夸了，嘿嘿～',NULL);
INSERT INTO comment VALUES(2,'2021-10-06 11:27:45.218475+08:00','2021-10-06 11:27:45.218475+08:00','2021-10-06 11:28:03.051053+08:00','秦声鸿',0,'我被kernigan夸了，嘿嘿～',NULL);
INSERT INTO comment VALUES(3,'2021-10-06 11:27:45.485698+08:00','2021-10-06 11:27:45.485698+08:00','2021-10-06 11:28:03.052511+08:00','秦声鸿',0,'我被kernigan夸了，嘿嘿～',NULL);
INSERT INTO comment VALUES(4,'2021-10-06 11:27:48.839399+08:00','2021-10-06 11:27:48.839399+08:00','2021-10-06 11:28:03.054433+08:00','秦声鸿',0,'我被kernigan夸了，嘿嘿～',NULL);
INSERT INTO comment VALUES(5,'2021-10-06 11:27:49.554838+08:00','2021-10-06 11:27:49.554838+08:00','2021-10-06 11:28:03.055886+08:00','秦声鸿',0,'我被kernigan夸了，嘿嘿～',NULL);
INSERT INTO comment VALUES(6,'2021-10-06 11:27:50.135623+08:00','2021-10-06 11:27:50.135623+08:00','2021-10-06 11:28:03.05813+08:00','秦声鸿',0,'我被kernigan夸了，嘿嘿～',NULL);
INSERT INTO comment VALUES(7,'2021-10-06 11:27:50.666207+08:00','2021-10-06 11:27:50.666207+08:00','2021-10-06 11:28:03.059865+08:00','秦声鸿',0,'我被kernigan夸了，嘿嘿～',NULL);
INSERT INTO comment VALUES(8,'2021-10-06 11:27:51.177654+08:00','2021-10-06 11:27:51.177654+08:00','2021-10-06 11:28:03.061004+08:00','秦声鸿',0,'我被kernigan夸了，嘿嘿～',NULL);
INSERT INTO comment VALUES(9,'2021-10-06 11:27:52.617514+08:00','2021-10-06 11:27:52.617514+08:00','2021-10-06 11:28:03.062173+08:00','秦声鸿',0,'我被kernigan夸了，嘿嘿～',NULL);
INSERT INTO comment VALUES(10,'2021-10-06 11:27:53.467776+08:00','2021-10-06 11:27:53.467776+08:00','2021-10-06 11:28:03.063708+08:00','秦声鸿',0,'我被kernigan夸了，嘿嘿～',NULL);
INSERT INTO comment VALUES(11,'2021-10-06 11:27:53.983659+08:00','2021-10-06 11:27:53.983659+08:00','2021-10-06 11:28:03.065003+08:00','秦声鸿',0,'我被kernigan夸了，嘿嘿～',NULL);
INSERT INTO comment VALUES(12,'2021-10-06 11:27:54.520153+08:00','2021-10-06 11:27:54.520153+08:00','2021-10-06 11:28:03.066452+08:00','秦声鸿',0,'我被kernigan夸了，嘿嘿～',NULL);
INSERT INTO comment VALUES(13,'2021-10-06 11:29:08.548184+08:00','2021-10-06 11:29:08.548184+08:00','2021-10-06 11:29:55.051816+08:00','秦声鸿',0,'我被kernigan夸了，嘿嘿～',NULL);
INSERT INTO comment VALUES(14,'2021-10-06 11:29:22.166003+08:00','2021-10-06 11:29:22.166003+08:00','2021-10-06 11:29:55.053222+08:00','秦声鸿',0,'我被kernigan夸了，嘿嘿～',NULL);
INSERT INTO comment VALUES(15,'2021-10-06 11:29:22.981848+08:00','2021-10-06 11:29:22.981848+08:00','2021-10-06 11:29:55.054442+08:00','秦声鸿',0,'我被kernigan夸了，嘿嘿～',NULL);
INSERT INTO comment VALUES(16,'2021-10-06 11:29:23.691147+08:00','2021-10-06 11:29:23.691147+08:00','2021-10-06 11:29:55.055772+08:00','秦声鸿',0,'我被kernigan夸了，嘿嘿～',NULL);
INSERT INTO comment VALUES(17,'2021-10-06 11:29:24.380562+08:00','2021-10-06 11:29:24.380562+08:00','2021-10-06 11:29:55.057021+08:00','秦声鸿',0,'我被kernigan夸了，嘿嘿～',NULL);
INSERT INTO comment VALUES(19,'2021-10-06 23:31:34.530324+08:00','2021-10-06 23:31:34.530324+08:00',NULL,'秦声鸿',0,'我被kernigan夸了，嘿嘿～',9);
INSERT INTO comment VALUES(20,'2021-10-07 10:24:55.081723+08:00','2021-10-07 10:24:55.081723+08:00',NULL,'秦声鸿',0,'我被kernigan夸了，嘿嘿～',9);
INSERT INTO comment VALUES(21,'2021-10-07 16:18:28.929678+08:00','2021-10-07 16:18:28.929678+08:00',NULL,'秦声鸿',0,'好耶',9);
INSERT INTO comment VALUES(22,'2021-10-12 11:04:28.370049+08:00','2021-10-12 11:04:28.370049+08:00',NULL,'dennis ritchie',0,'oh my friend',8);
INSERT INTO comment VALUES(23,'2021-10-12 11:07:02.482458+08:00','2021-10-12 11:07:02.482458+08:00',NULL,'dennis ritchie',0,'oh my friend',9);
INSERT INTO comment VALUES(24,'2021-10-12 11:09:19.564594+08:00','2021-10-12 11:09:19.564594+08:00',NULL,'dennis ritchie',0,'why you are here?',9);
INSERT INTO comment VALUES(25,'2021-10-12 11:10:19.590448+08:00','2021-10-12 11:10:19.590448+08:00',NULL,'dennis ritchie',0,'why you are here?',9);
CREATE TABLE IF NOT EXISTS `article_tag` (
	article_id INTEGER,
	tag_id INTEGER
);
INSERT INTO article_tag VALUES(7,1);
INSERT INTO article_tag VALUES(8,1);
INSERT INTO article_tag VALUES(8,2);
CREATE TABLE IF NOT EXISTS `article` (`id` integer,`created_at` datetime,`updated_at` datetime,`deleted_at` datetime,`title` varchar(200) NOT NULL,`description` varchar(200) NOT NULL,`cate_id` integer NOT NULL,`author_id` integer NOT NULL,`upvotes` integer NOT NULL,`contents` text NOT NULL,`img` text NOT NULL,PRIMARY KEY (`id`),CONSTRAINT `fk_article_category` FOREIGN KEY (`cate_id`) REFERENCES `category`(`id`));
INSERT INTO article VALUES(1,'2021-10-05 20:05:05.699872+08:00','2021-10-06 10:14:07.976758+08:00','2021-10-06 10:54:46.517458+08:00','go beggining','开始学习go',1,1,0,'开始学习go这门美丽的语言','imgurl');
INSERT INTO article VALUES(2,'2021-10-05 20:06:23.810794+08:00','2021-10-06 10:13:27.016261+08:00','2021-10-06 10:57:00.523333+08:00','goroutine','go的协程',1,1,0,'go有着内建的携程goroutine,为程序的并发提供了便利。','imgurl');
INSERT INTO article VALUES(3,'2021-10-05 20:07:32.412088+08:00','2021-10-06 11:00:38.097282+08:00','2021-10-06 11:00:54.79107+08:00','go gin框架','gin, 一个优秀的web框架',1,1,0,'gin真好用','imgurl');
INSERT INTO article VALUES(4,'2021-10-05 20:08:17.564375+08:00','2021-10-06 11:23:18.854819+08:00','2021-10-06 11:26:26.589973+08:00','c++ constexpr','constexpr关键字',2,1,0,'constexpr真好用','imgurl');
INSERT INTO article VALUES(5,'2021-10-05 20:10:28.56473+08:00','2021-10-06 11:27:54.519805+08:00','2021-10-06 11:28:03.067282+08:00','c与指针','c与指针',3,2,0,'指针是个好东西','imgurl');
INSERT INTO article VALUES(6,'2021-10-05 20:10:46.764556+08:00','2021-10-06 11:29:24.380039+08:00','2021-10-06 11:29:55.057823+08:00','c++与指针','c++与指针',2,2,0,'我叛变了！','imgurl');
INSERT INTO article VALUES(7,'2021-10-06 15:24:49.048803+08:00','2021-10-06 16:16:42.360314+08:00',NULL,'c# 反射','反射的学习',6,2,0,'反射指程序可以访问、检测和修改它本身状态或行为的一种能力。程序集包含模块，而模块包含类型，类型又包含成员。反射则提供了封装程序集、模块和类型的对象。您可以使用反射动态地创建类型的实例，将类型绑定到现有对象，或从现有对象中获取类型。然后，可以调用类型的方法或访问其字段和属性。','imgurl');
INSERT INTO article VALUES(8,'2021-10-06 15:32:34.460179+08:00','2021-10-12 11:04:28.369497+08:00',NULL,'c# 委托','委托的学习',6,2,0,'看起来很吊就对了','imgurl');
INSERT INTO article VALUES(9,'2021-10-06 15:33:40.713485+08:00','2021-10-12 11:10:19.590061+08:00',NULL,'gin搭建个人博客','gin搭建个人博客',6,2,0,'每天早上喝一杯琴酒就行','imgurl');
INSERT INTO article VALUES(10,'2021-10-07 16:13:10.745682+08:00','2021-10-07 16:15:06.458092+08:00',NULL,'c programming language','',3,3,0,'the c programming language','imgurl');
CREATE INDEX `idx_user_deleted_at` ON `user`(`deleted_at`);
CREATE INDEX `idx_category_deleted_at` ON `category`(`deleted_at`);
CREATE INDEX `idx_tag_deleted_at` ON `tag`(`deleted_at`);
CREATE INDEX `idx_comment_deleted_at` ON `comment`(`deleted_at`);
CREATE INDEX `idx_article_deleted_at` ON `article`(`deleted_at`);
COMMIT;
